文件夹,模组名,UniqueID,版本,作者,有manifest
CJBItemSpawner,CJB物品生成器,CJBok.ItemSpawner,2.5.6,CJBok and Pathoschild,是
FastAnimations,快速动画,Pathoschild.FastAnimations,1.16.2,Pathoschild,是
GameSpeedToggle-v1.0.0-42406-1-0-0-1771194418,游戏速度切换,ShadowSigil.GameSpeedToggle,1.1.0,ShadowSigil,是
GenericModConfigMenu,通用模组配置菜单,spacechase0.GenericModConfigMenu,1.16.0,kittycatcasey,是
Horse to Patrick Star,派大星马,ChuanchuanXiang.PatrickStarCP,1.0.0,串串,是
LetsMoveIt,移动它,Exblosis.LetsMoveIt,0.6.20,Exblosis,是
PFMAutomate,PFM自动化,Digus.PFMAutomate,1.5.0,Digus,是
ZoomLevel,缩放级别,thespbgamer.ZoomLevel,4.5.1,thespbgamer,是
【NPC-女法师】补丁邮箱框架修复,[MFM] Rasmodia Letters,Nom0ri.RasmodiaMFM,1.0.0,Nom0ri,是
【NPC-女法师附加】浪漫关系解锁-SVE兼容,【NPC-女法师附加】浪漫关系解锁-SVE兼容,Parrot.RomRas,1.6.3,"Written by WerewolfMaster, haywrites, PaintedParrot",是
【NPC】Mr. Ginger猫猫NPC,【NPC】Mr. Ginger猫猫NPC,LemurKat.Mr.Ginger.NPC,1.6.6,Lemurkat,是
【NPC】地质学家,【NPC】地质学家,Lemurkat.NPCJasper,1.8.4,Lemurkat,是
【NPC】女法师,【NPC】女法师,Nom0ri.RomRas,3.4.2,Nom0ri,是
【NPC】安雅-猫妖,[CP] Enya CatSith,LatteHoln.EnyaCatSith,1.0.3,LatteHoln,是
【NPC】流放者朱丽叶,【NPC】流放者朱丽叶,LemurKat.JulietHouse.NPC,1.5.6,Lemurkat,是
【优化】去除弓形腿,【优化】去除弓形腿,leroymilo.NoMoreBowlegs,1.2,leroymilo,是
【前置-建筑】坚实基础,【前置-建筑】坚实基础,PeacefulEnd.SolidFoundations,3.0.0,PeacefulEnd,是
【前置-建筑】钙化,【前置-建筑】钙化,sophie.Calcifer,0.1.0,sophie,是
【前置】BetterEventsCore,【前置】BetterEventsCore,,,,否
【前置】FTM,【前置】FTM,Esca.FarmTypeManager,1.25.1,Esca,是
【前置】MEEP,【前置】MEEP,DecidedlyHuman.MappingExtensionsAndExtraProperties,2.4.6,DecidedlyHuman,是
【前置】PYTK,【前置】PYTK,,,,否
【前置】Spritesheet Extender Utility,【前置】贴图集扩展工具,mooseybrutale.spriteextender,1.2.1,MooseyBrutale,是
【前置】Stardew Hack,【前置】StardewHack 补丁库,bcmpinc.StardewHack,7.4,bcmpinc,是
【前置】StardewUI,StardewUI,focustense.StardewUI,0.6.4-unofficial-mushymato.0,focustense,是
【前置】Xtardew Core,【前置】Xtardew Core,hixega.XtardewCore,0.4.0,hixega,是
【前置】事件查找,【前置】事件查找,shekurika.EventLookup,0.2.9,shekurika,是
【前置】事件重复,事件重复器,misscoriel.eventrepeater,6.6,MissCoriel,是
【前置】内容补丁,【前置】内容补丁,Pathoschild.ContentPatcher,2.7.5,Pathoschild,是
【前置】内容补丁动画,【前置】内容补丁动画,spacechase0.ContentPatcherAnimations,1.2.4,spacechase0,是
【前置】可摧毁灌木,【前置】可摧毁灌木,Esca.DestroyableBushes,1.5.2,Esca,是
【前置】家具框架,【前置】家具框架,leroymilo.FurnitureFramework,3.0.5,leroymilo,是
【前置】快乐居家-目录,【前置】快乐居家-目录,tlitookilakin.HappyHomeDesigner,2.4.0,tlitookilakin,是
【前置】手机,【前置】手机,aedenthorn.MobilePhone,3.3.4,aedenthorn,是
【前置】时尚感,【前置】时尚感,PeacefulEnd.FashionSense,7.0.2,PeacefulEnd,是
【前置】生产者框架,【前置】生产者框架,Digus.ProducerFrameworkMod,1.9.8,Digus,是
【前置】空间核心,【前置】空间核心,spacechase0.SpaceCore,1.28.0,spacechase0,是
【前置】纹理代替,【前置】纹理代替,PeacefulEnd.AlternativeTextures,8.0.0,PeacefulEnd,是
【前置】自定义亲吻,【前置】自定义亲吻,Digus.CustomKissingMod,1.3.3,Digus,是
【前置】自定义伴侣框架,【前置】自定义伴侣框架,PeacefulEnd.CustomCompanions,5.0.0,PeacefulEnd,是
【前置】跨MOD兼容性,【前置】跨MOD兼容性,Spiderbuttons.CMCT,1.1.2,Spiderbuttons,是
【前置】邮件服务,【前置】邮件服务,Digus.MailServicesMod,1.6.2,Digus,是
【前置】邮件服务框架,【前置】邮件服务框架,DIGUS.MailFrameworkMod,1.20.0,Digus,是
【前置】饰品修补匠,【前置】饰品修补匠,mushymato.TrinketTinker,1.6.1,mushymato,是
【功能】CJB 作弊菜单,【功能】CJB 作弊菜单,CJBok.CheatsMenu,1.39.1,CJBok and Pathoschild,是
【功能】CJB拓展MOD传送点,【功能】CJB拓展MOD传送点,Juanpa98ar.MWP98,1.0.9,Juanpa98ar,是
【功能】F1查找信息,【功能】F1查找信息,Pathoschild.LookupAnything,1.52.1,Pathoschild,是
【功能】NPC显示在地图上,【功能】NPC显示在地图上,Bouhm.NPCMapLocations,3.4.1,Bouhm,是
【功能】UI2,【功能】UI2,Annosz.UiInfoSuite2,2.3.7,Annosz,是
【功能】任何东西可以卖掉,【功能】任何东西可以卖掉,berkayylmao.ShipAnything,1.3.2,berkayylmao,是
【功能】作物可穿过,【功能】作物可穿过,NCarigon.PassableCrops,1.2.1,NCarigon,是
【功能】可以佩戴更多戒指,【功能】可以佩戴更多戒指,bcmpinc.WearMoreRings,7.9,bcmpinc,是
【功能】可切换宝箱,【功能】可切换宝箱,Pathoschild.ChestsAnywhere,1.28.2,Pathoschild,是
【功能】可购买的更大背包,【功能】可购买的更大背包,spacechase0.BiggerBackpack,7.3,"spacechase0, yoseiri, bcmpinc",是
【功能】地图传送,【功能】地图传送,aedenthorn.MapTeleport,0.5.1,aedenthorn,是
【功能】好感度不会下降,【功能】好感度不会下降,IsaacS.FriendsForever,1.2.3,Isaac S.,是
【功能】拖拉机,（置顶）【功能】拖拉机,Pathoschild.TractorMod,4.24.1,Pathoschild,是
【功能】方便的库存,【功能】方便的库存,gaussfire.ConvenientInventory,1.5.6,gaussfire,是
【功能】池中鱼,【功能】池中鱼,shekurika.WaterFish,0.4.2,shekurika,是
【功能】沙漠矿洞添加电梯,【功能】沙漠矿洞添加电梯,SkullCavernElevator,1.6.2,lestoph,是
【功能】牲畜集市,牲畜集市,mushymato.LivestockBazaar,1.8.0,mushymato,是
【功能】甜蜜多角恋,【功能】甜蜜多角恋,,,,否
【功能】礼物助手,【功能】礼物助手,JoXW.GiftTasteHelper,1.2.5,"JoXW, Isi0, tstaples (aka catman)",是
【功能】箱子可拿起,【功能】箱子可拿起,furyx639.CarryChest,1.3.0,LeFauxMatt,是
【功能】自动化,【功能】自动化,Pathoschild.Automate,2.4.2,Pathoschild,是
【功能】自动开启栅栏门,【功能】自动开启栅栏门,Rakiin.AutomaticGates,2.5.4,Rakiin aKa ScheKaa,是
【功能】钓鱼助手 2,【功能】钓鱼助手 2,ChibiKyu.FishingAssistant2,2.5.2,ChibiKyu,是
【功能】镰刀可收获任何作物,【功能】镰刀可收获任何作物,bcmpinc.HarvestWithScythe,7.5,bcmpinc,是
【功能】随时随地自定义角色,【功能】随时随地自定义角色,Cherry.CustomizeAnywhere,1.4.0,Cherry,是
【功能】马匹可以通过一格宽,【功能】马匹可以通过一格宽,BadNetCode.PonyWeightLossProgram,1.0.0,BadNetCode,是
【发型】Blight的男性短发,Blight's HD Male hair,HDMalehair.2024.9.07.blight,1.0,blight,是
【发型】Luny's短发,Luny's Salon - Short Hairstyles,Luny.SalonShortHairstyles,1.1,Luny,是
【发型】Luny头花发饰,Luny's Flower Crowns,Luny.FlowerCrowns,1.0,Luny,是
【发型】gedian发包,SongYan'hair pack,songyan462564852,1.0.0,gedian,是
【发型】jiaojiao发型,[FS]Bangs2 hairstyle1228-粉,jiaojiao-122824-hair-156,1.0.0,jioajiao,是
【发型】jiaojiao猫耳,恋与深空猫咪执事猫耳,Jiaojiao.maomi.lianyusk-1128,1.0,jiaojiao,是
【图块集】DaisyNiko's 图块集,【图块集】DaisyNiko,DaisyNiko.Tilesheets,1.12,DaisyNiko,是
【图块集】HxW,HxW Tilesheets,hxw.tilesheets,2.0.0,HimeTarts,是
【图块集】Lumisteria 图块集-室内,【图块集】Lumisteria-室内,Lumisteria.LumiTilesheetsIndoor,1.4.0,Lumisteria,是
【图块集】Lumisteria 图块集-户外,【图块集】Lumisteria-户外,Lumisteria.TtilesheetsOutdoor,1.4.0,Lumisteria,是
【图块集】MixedBag图块集,【图块集】MixedBag,MixedBag.Tilesheets,3.1.1,MixedBag,是
【地图美化】DaisyNiko's低饱和度大地,【地图美化】DaisyNiko's低饱和度大地,DaisyNiko.EarthyRecolour,1.4.4,DaisyNiko,是
【地图美化】DaisyNiko降低饱和度真实的室内材质,【地图美化】DaisyNiko降低饱和度真实的室内材质,DaisyNiko.EarthyInteriors,1.2.2,DaisyNiko,是
【地图美化】季节性农场建筑,【地图美化】季节性建筑,Elle.SeasonalBuildings,1.3.5,Elle/Junimods,是
【地图美化】季节性城镇建筑,【地图美化】季节性城镇建筑,Elle.TownBuildings,1.0.4,Elle/Junimods,是
【地图美化】更好的水,【地图美化】更好的水,Neopffe.BetterWater,1.0.8,Neopffe,是
【地图美化】简单植被-植物材质,【地图美化】简单植被-植物材质,Az.Foliage,2.1.2,Azrashar/itsanette (unofficial update by Morghoula and tophatta),是
【地图美化】风-吹动草地和树叶,【地图美化】风-吹动草地和树叶,cat.windeffects,1.0.3-unofficial.5-brimbane,Cat,是
【大型拓展-ES附加】养蜂人,【大型拓展-ES附加】养蜂人,,,,否
【大型拓展-ES附加】剑与魔法,【大型拓展-ES附加】剑与魔法,,,,否
【大型拓展-ES附加】帽鼠,Fievel Goes East Scarp,EastScarp.FGES,1.2.0,DestyNova & ES Dev Team,是
【大型拓展-ES附加】幽灵少女,【大型拓展-ES附加】幽灵少女,,,,否
【大型拓展-ES附加】影子人,【ES】影子人,7thAxis.LitD.CP,3.0.8,7thAxis,是
【大型拓展-ES附加】熊家,【ES】熊家,MadDog.HashtagBearFam,1.0.9,Mad Dog,是
【大型拓展-ES附加】爬虫学家,【大型拓展-ES附加】爬虫学家,,,,否
【大型拓展-ES附加】神秘生物&海洋生物学家,【大型拓展-ES附加】神秘生物&海洋生物学家,,,,否
【大型拓展-ES附加】科幻作家,【ES】科幻作家,TheFrenchDodo.RodneyOBrien,3.2.3,TheFrenchDodo,是
【大型拓展-X附加】X拓展,Xtardew Valley - Sexperimental Edition,metakage.XtardewValley,1.3.2,metakage,是
【大型拓展-X附加】女性对话拓展,【大型拓展-X附加】女性对话拓展,,,,否
【大型拓展】ES,【大型拓展】ES,,,,否
【大型拓展】RSV,【大型拓展】RSV,,,,否
【大型拓展】SVE,【大型拓展】SVE,,,,否
【大型拓展】X露谷,【大型拓展】X露谷,,,,否
【大型拓展】山谷女孩,【山谷女孩】行为设置,Trashracc.VG,3.6.0,Trashracc1124,是
【大型拓展】爷爷的农场-SVE农场拓展,【大型拓展】爷爷的农场-SVE农场拓展,,,,否
【宠物】伯恩山犬,BerneseMountainDogs,Gweniaczek.BerneseMountainDogs,1.3,Gweniaczek,是
【宠物】无牙仔,【宠物】无牙仔,Wem.Toothless,1.0.5,strawhatwem,是
【家具】HxW 仙女喷泉,【家具】HxW 仙女喷泉,HXW.FairyFountains,2.0.1,HimeTarts and wildflourmods,是
【家具】HxW 厨房家具,[CP] H&W Grandma's Pantry Furniture Set,HXW.GrandmasPantryFurni,1.0.1,HimeTarts and Wildflourmods,是
【家具】HxW 酒庄家具,【家具】HxW 酒庄家具,,,,否
【家具】HxW家具目录,【家具】HxW家具目录,HXW.MegaFurnitureCatalogue,1.1,HimeTarts and wildflourmods,是
【家具】HxW植物爱好者家具,【家具】HxW植物爱好者家具,HXW.PlantLoversFurni,1.0.2,HimeTarts and wildflourmods,是
【家具】HxW浪漫喷泉和拱门,[SF] HXW's Romantic Fountains and Arches,himewildflour.romanticsetforSF,1.1,HimeTarts and Wildflourmods,是
【家具】中世纪传送塔,【家具】中世纪方尖碑,Gweniaczek.Obelisks,2.0,Gweniaczek,是
【家具】中世纪箱子,【家具】中世纪箱子,Gweniaczek.Shipping_chest,2.0,Gweniaczek,是
【家具】中世纪鱼塘,【家具】中世纪鱼塘,Gweniaczek.Fish_Pond,2.1,Gweniaczek,是
【家具】鸽子邮箱,【家具】鸽子邮箱,Gweniaczek.pigeon_mail,2.1,Gweniaczek,是
【建筑物】HxW重新设计的棚屋,【建筑物】Aimon重新设计的棚屋,Aimon111.RedesignedShedLayout,2.0.2,Aimon111,是
【建筑物】茶馆,【建筑物】茶馆,HXW.Buildings_TeaShop,1.1,HimeTarts & WildflourMods,是
【建筑物】车间,【建筑物】工房,birdb.workshop,1.4,birdb (omena007),是
【建筑物】酒庄,【建筑物】酒庄,HXW.Buildings_Winery,1.2,HimeTarts & WildflourMods,是
【建筑物】面包店,【建筑物】面包店,HXW.BakeryShed,1.0.5,HimeTarts & WildflourMods,是
【成人】Make Love,【成人】做爱,Kabulla.MakeLove,2.0.0,Kabulla,是
【成人】Make Love-SVE角色,[ML] SVE Bachelors,Kabulla.SVEML,1.0.0,Kabulla,是
【成人】人妻韵事,Affairs with Married Women,Luxi1234.AnAffairwithRobin,1.32,Luxi1234,是
【成人】单身汉,【成人】单身汉,Girafarig.HB,1.6.5,Girafarig,是
【成人】淫乱节日,HornyFestivals,Girafarig.HF,1.1.6,Girafarig,是
【成人】节日传送,【成人】节日传送,Girafarig.FestivalWarps,1.1.6,Girafarig,是
【成人】风流谷,AmorousValley,beepbopdubi.AmorousValley,0.4.0,beepbopdubi,是
【拓展】更多新鱼,【拓展】更多新鱼,,,,否
【拓展】畜牧业,【拓展】畜牧业,DIGUS.ANIMALHUSBANDRYMOD,2.7.0,Digus,是
【汉化】畜牧业恐龙信-邮箱覆盖,【汉化】畜牧业恐龙信-邮箱覆盖,songjiayu.MFM.TreatLetters,1.0.0,Jiayu,是
【立绘】Avian风格-ES,【立绘】Avian风格-ES立绘,AvianRPG.FECharacterPortraitsEastScarp,1.3,AvianRPG,是
【立绘】Mr. Ginger可爱立绘-NPC扩展,Cuter portrait for MrGinger,AltPortraitMrGinger.NPC,1.0.0,baooduy,是
【立绘】V1cty的ES艾登立绘,[CP] East Scarp Aideen re-texture,rhdwn4512.AideenRetexture,1.0.0,rhdwn4512,是
【立绘】Veronnica's 原版立绘,【立绘】Veronnica's 原版立绘,Veronnica.Portraits,1.1.1,Veronnica,是
【立绘】女法师立绘-NPC修改,【立绘】女法师立绘,Nom0ri.RomRasOhodavi,1.7.0,"Original by Ohodavi, edits & adjustments by Nom0ri",是
【立绘】季节性立绘-师爷改装版-RSV,【立绘】RSV-季节性立绘,Rafseazz.RSVSeasonalOutfits,1.1.3,Rafseazz,是
【立绘】季节性立绘-师爷改装版-SVE,【立绘】季节性立绘+模型-SVE,Poltergeister.SeasonalCuteSpritesSVE,3.0.0,Poltergeister,是
【立绘】熊家-ES,【立绘】熊家,xiaowugogo.bearfamilyportraits,1.0.0,xiaowugogo,是
【衣物】Belight的HD服装包,Belight'sFS HD clothes pack4,HDclothes4.blight,1.0,blight,是
【衣物】Coii's Girls 套装包,[FS] Coii's Girls Sets Pack,Coii.Girls_Set_Pack.FS,1.4,"Coii, conversion by Iceprincess98",是
【衣物】Coii's 帽子包,[FS] Coii's Hats Pack,Coii.Hats_Pack.FS,1.4.0,"Coii, conversion by Icerpincess98",是
【衣物】Katy's 套装包NO.1,[FS] Katy's Closet No.1,KatyDTK.FS.KatysClosetno1,1.2,KatyDTK,是
【衣物】Katy's 套装包NO.2,Katy's Closet No.2,KatyDTK.FS.KatysClosetNo2,1.0,KatyDTK,是
【衣物】Luny's FS 农场连衣裙,Luny's Farm Dresses,Luny.FarmDresses,2.1,Luny,是
【衣物】Luny's圣骑士斗篷,Paladin Cape for FS,Luny.PaladinCape,1.0,Luny,是
【衣物】jiaojiao厨娘,[FS] Jiaojiao,JIaojiao.004-CYf,1.0.1,Jiaojiao,是
【衣物】roasaji风帽和披风,[FS]RO Shirts&Hats,roro.Shirts.Hats,1.0.0,roro,是
【衣物】大斗篷和女巫帽,Basic Cape & Hood,Luny.BasicCapeAndHood,1.1,Luny,是
【衣物】巧克力谷-连衣裙,[FS] Orangeblossom's Chocolatier Outfit,ob7.chocovalleyOutfit,1.0.0,orangeblossom,是
【衣物】苔藓女巫连衣裙,b0rszcz's mossy witchy outfits,b0rszcz.mossy.outfits,1.0.0,b0rszcz,是
